Date,Day,09:15-10:45,11:00-12:30,13:30-15:00,15:15-16:45,17:00-18:30,18:45-20:15,19:45
05-10-2026,Monday,Marketing Management II - 1,Workshops on Interviews and Presentations  - 1,TERM REGISTRATION,Macroeconomics - 1,,,
,,Prof. Chandan Parsad,Prof. Anamita Guha,,Prof. Gupteswar Patel,,,
06-10-2026,Tuesday,,Organizational Behaviour II - 1,Financial Management I - 1,,,,
,,,Prof. Sudipt Kumar,Prof. Bharati Singh,,,,
07-10-2026,Wednesday,Operations Research - 1,Marketing Management II - 2,Macroeconomics - 2,Design Thinking  - 1,,,
,,Prof. Rohit Agrawal,Prof. Chandan Parsad,Prof. Gupteswar Patel,Prof. Bishal Dey Sarkar,,,
08-10-2026,Thursday,Workshops on Interviews and Presentations  - 2,,,Organizational Behaviour II - 2,Design Thinking  - 2,,
,,Prof. Anamita Guha,,,Prof. Sudipt Kumar,Prof. Bishal Dey Sarkar,,
09-10-2026,Friday,Operations Research - 2,Macroeconomics - 3,Marketing Management II - 3,Financial Management I - 2,,,
,,Prof. Rohit Agrawal,Prof. Gupteswar Patel,Prof. Chandan Parsad,Prof. Bharati Singh,,,
10-10-2026,Saturday,,,,,,,
,,,,,,,,
11-10-2026,Sunday,,,,,,,
,,,,,,,,
12-10-2026,Monday,Marketing Management II - 4,Operations Research - 3,Organizational Behaviour II - 3,Macroeconomics - 4,,,
,,Prof. Chandan Parsad,Prof. Rohit Agrawal,Prof. Sudipt Kumar,Prof. Gupteswar Patel,,,
13-10-2026,Tuesday,Design Thinking  - 3,,Financial Management I - 3,,,,
,,Prof. Bishal Dey Sarkar,,Prof. Bharati Singh,,,,
14-10-2026,Wednesday,Organizational Behaviour II - 4,Operations Research - 4,Macroeconomics - 5,Marketing Management II - 5,,,
,,Prof. Sudipt Kumar,Prof. Rohit Agrawal,Prof. Gupteswar Patel,Prof. Chandan Parsad,,,
15-10-2026,Thursday,Design Thinking  - 4,Workshops on Interviews and Presentations  - 3,Financial Management I - 4,,,,
,,Prof. Bishal Dey Sarkar,Prof. Anamita Guha,Prof. Bharati Singh,,,,
16-10-2026,Friday,Organizational Behaviour II - 5,Marketing Management II - 6,Macroeconomics - 6,,Design Thinking  - 5,,
,,Prof. Sudipt Kumar,Prof. Chandan Parsad,Prof. Gupteswar Patel,,Prof. Bishal Dey Sarkar,,
17-10-2026,Saturday,DUSSEHRA HOLIDAYS,DUSSEHRA HOLIDAYS,DUSSEHRA HOLIDAYS,DUSSEHRA HOLIDAYS,DUSSEHRA HOLIDAYS,DUSSEHRA HOLIDAYS,DUSSEHRA HOLIDAYS
,,,,,,,,
18-10-2026,Sunday,DUSSEHRA HOLIDAYS,DUSSEHRA HOLIDAYS,DUSSEHRA HOLIDAYS,DUSSEHRA HOLIDAYS,DUSSEHRA HOLIDAYS,DUSSEHRA HOLIDAYS,DUSSEHRA HOLIDAYS
,,,,,,,,
19-10-2026,Monday,DUSSEHRA HOLIDAYS,DUSSEHRA HOLIDAYS,DUSSEHRA HOLIDAYS,DUSSEHRA HOLIDAYS,DUSSEHRA HOLIDAYS,DUSSEHRA HOLIDAYS,DUSSEHRA HOLIDAYS
,,,,,,,,
20-10-2026,Tuesday,DUSSEHRA HOLIDAYS,DUSSEHRA HOLIDAYS,DUSSEHRA HOLIDAYS,DUSSEHRA HOLIDAYS,DUSSEHRA HOLIDAYS,DUSSEHRA HOLIDAYS,DUSSEHRA HOLIDAYS
,,,,,,,,
21-10-2026,Wednesday,Operations Research - 5,,,,,,
,,Prof. Rohit Agrawal,,,,,,
22-10-2026,Thursday,,,,,,,
,,,,,,,,
23-10-2026,Friday,Financial Management I - 5,,Marketing Management II - 7,Organizational Behaviour II - 6,Macroeconomics - 7,,
,,Prof. Bharati Singh,,Prof. Chandan Parsad,Prof. Sudipt Kumar,Prof. Gupteswar Patel,,
24-10-2026,Saturday,,,,,,,
,,,,,,,,
25-10-2026,Sunday,,,,,,,
,,,,,,,,
26-10-2026,Monday,,,,Operations Research - 6,,,
,,,,,Prof. Rohit Agrawal,,,
27-10-2026,Tuesday,Workshops on Interviews and Presentations  - 4,Design Thinking  - 6,,,,,
,,Prof. Anamita Guha,Prof. Bishal Dey Sarkar,,,,,
28-10-2026,Wednesday,,Design Thinking  - 7,Financial Management I - 6,Organizational Behaviour II - 7,Operations Research - 7,,
,,,Prof. Bishal Dey Sarkar,Prof. Bharati Singh,Prof. Sudipt Kumar,Prof. Rohit Agrawal,,
29-10-2026,Thursday,Macroeconomics - 8,Marketing Management II - 8,,,,,
,,Prof. Gupteswar Patel,Prof. Chandan Parsad,,,,,
30-10-2026,Friday,Financial Management I - 7,,Design Thinking  - 8,Operations Research - 8,Organizational Behaviour II - 8,,
,,Prof. Bharati Singh,,Prof. Bishal Dey Sarkar,Prof. Rohit Agrawal,Prof. Sudipt Kumar,,
31-10-2026,Saturday,,,,,,,
,,,,,,,,
01-11-2026,Sunday,,,,,,,
,,,,,,,,
02-11-2026,Monday,,Macroeconomics - 9,,Design Thinking  - 9,Operations Research - 9,,
,,,Prof. Gupteswar Patel,,Prof. Bishal Dey Sarkar,Prof. Rohit Agrawal,,
03-11-2026,Tuesday,,Marketing Management II - 9,Organizational Behaviour II - 9,,Operations Research - 10,,
,,,Prof. Chandan Parsad,Prof. Sudipt Kumar,,Prof. Rohit Agrawal,,
04-11-2026,Wednesday,Design Thinking  - 10,Workshops on Interviews and Presentations  - 5,,,,,
,,Prof. Bishal Dey Sarkar,Prof. Anamita Guha,,,,,
05-11-2026,Thursday,Organizational Behaviour II - 10,Macroeconomics - 10,Financial Management I - 8,,Marketing Management II - 10,,
,,Prof. Sudipt Kumar,Prof. Gupteswar Patel,Prof. Bharati Singh,,Prof. Chandan Parsad,,
06-11-2026,Friday,"ASSESSMENTS (QUIZZES, PRESENTATIONS)","ASSESSMENTS (QUIZZES, PRESENTATIONS)","ASSESSMENTS (QUIZZES, PRESENTATIONS)","ASSESSMENTS (QUIZZES, PRESENTATIONS)","ASSESSMENTS (QUIZZES, PRESENTATIONS)","ASSESSMENTS (QUIZZES, PRESENTATIONS)","ASSESSMENTS (QUIZZES, PRESENTATIONS)"
,,,,,,,,
07-11-2026,Saturday,"ASSESSMENTS (QUIZZES, PRESENTATIONS)","ASSESSMENTS (QUIZZES, PRESENTATIONS)","ASSESSMENTS (QUIZZES, PRESENTATIONS)","ASSESSMENTS (QUIZZES, PRESENTATIONS)","ASSESSMENTS (QUIZZES, PRESENTATIONS)","ASSESSMENTS (QUIZZES, PRESENTATIONS)","ASSESSMENTS (QUIZZES, PRESENTATIONS)"
,,,,,,,,
08-11-2026,Sunday,DIWALI HOLIDAY,DIWALI HOLIDAY,DIWALI HOLIDAY,DIWALI HOLIDAY,DIWALI HOLIDAY,DIWALI HOLIDAY,DIWALI HOLIDAY
,,,,,,,,
09-11-2026,Monday,MID TERM EXAMINATIONS,MID TERM EXAMINATIONS,MID TERM EXAMINATIONS,MID TERM EXAMINATIONS,MID TERM EXAMINATIONS,MID TERM EXAMINATIONS,MID TERM EXAMINATIONS
,,,,,,,,
10-11-2026,Tuesday,MID TERM EXAMINATIONS,MID TERM EXAMINATIONS,MID TERM EXAMINATIONS,MID TERM EXAMINATIONS,MID TERM EXAMINATIONS,MID TERM EXAMINATIONS,MID TERM EXAMINATIONS
,,,,,,,,
11-11-2026,Wednesday,MID TERM EXAMINATIONS,MID TERM EXAMINATIONS,MID TERM EXAMINATIONS,MID TERM EXAMINATIONS,MID TERM EXAMINATIONS,MID TERM EXAMINATIONS,MID TERM EXAMINATIONS
,,,,,,,,
12-11-2026,Thursday,MID TERM EXAMINATIONS,MID TERM EXAMINATIONS,MID TERM EXAMINATIONS,MID TERM EXAMINATIONS,MID TERM EXAMINATIONS,MID TERM EXAMINATIONS,MID TERM EXAMINATIONS
,,,,,,,,
13-11-2026,Friday,MID TERM EXAMINATIONS,MID TERM EXAMINATIONS,MID TERM EXAMINATIONS,MID TERM EXAMINATIONS,MID TERM EXAMINATIONS,MID TERM EXAMINATIONS,MID TERM EXAMINATIONS
,,,,,,,,
14-11-2026,Saturday,MID TERM EXAMINATIONS,MID TERM EXAMINATIONS,MID TERM EXAMINATIONS,MID TERM EXAMINATIONS,MID TERM EXAMINATIONS,MID TERM EXAMINATIONS,MID TERM EXAMINATIONS
,,,,,,,,
15-11-2026,Sunday,,,,,,,
,,,,,,,,
16-11-2026,Monday,CHATTH HOLIDAY,CHATTH HOLIDAY,CHATTH HOLIDAY,CHATTH HOLIDAY,CHATTH HOLIDAY,CHATTH HOLIDAY,CHATTH HOLIDAY
,,,,,,,,
17-11-2026,Tuesday,Marketing Management II - 11,Operations Research - 11,Management Accounting II - 1,,,,
,,Prof. Chandan Parsad,Prof. Rohit Agrawal,Prof. Archana Patro,,,,
18-11-2026,Wednesday,Marketing Management II - 12,Operations Research - 12,,Workshops on Interviews and Presentations  - 6,Macroeconomics - 11,,
,,Prof. Chandan Parsad,Prof. Rohit Agrawal,,Prof. Anamita Guha,Prof. Gupteswar Patel,,
19-11-2026,Thursday,Financial Management I - 9,Entrepreneurship - 1,Human Resource Management - 1,,,,
,,Prof. Bharati Singh,Prof. Sunil Kumar Yadav,Prof. Abhyudaya Anand Mishra,,,,
20-11-2026,Friday,Operations Research - 13,Marketing Management II - 13,Entrepreneurship - 2,Macroeconomics - 12,Management Accounting II - 2,,
,,Prof. Rohit Agrawal,Prof. Chandan Parsad,Prof. Sunil Kumar Yadav,Prof. Gupteswar Patel,Prof. Archana Patro,,
21-11-2026,Saturday,,,,,,,
,,,,,,,,
22-11-2026,Sunday,,,,,,,
,,,,,,,,
23-11-2026,Monday,Marketing Management II - 14,,Entrepreneurship - 3,Macroeconomics - 13,Human Resource Management - 2,,Operations Research - 14
,,Prof. Chandan Parsad,,Prof. Sunil Kumar Yadav,Prof. Gupteswar Patel,Prof. Abhyudaya Anand Mishra,,Prof. Rohit Agrawal
24-11-2026,Tuesday,GURUNANAK JAYANTI,GURUNANAK JAYANTI,GURUNANAK JAYANTI,GURUNANAK JAYANTI,GURUNANAK JAYANTI,GURUNANAK JAYANTI,GURUNANAK JAYANTI
,,,,,,,,
25-11-2026,Wednesday,Entrepreneurship - 4,Management Accounting II - 3,,Financial Management I - 10,,,
,,Prof. Sunil Kumar Yadav,Prof. Archana Patro,,Prof. Bharati Singh,,,
26-11-2026,Thursday,Marketing Management II - 15,Macroeconomics - 14,,,,,
,,Prof. Chandan Parsad,Prof. Gupteswar Patel,,,,,
27-11-2026,Friday,Human Resource Management - 3,Entrepreneurship - 5,Financial Management I - 11,Management Accounting II - 4,Operations Research - 15,,
,,Prof. Abhyudaya Anand Mishra,Prof. Sunil Kumar Yadav,Prof. Bharati Singh,Prof. Archana Patro,Prof. Rohit Agrawal,,
28-11-2026,Saturday,NETRITVA,NETRITVA,NETRITVA,NETRITVA,NETRITVA,NETRITVA,NETRITVA
,,,,,,,,
29-11-2026,Sunday,,,,,,,
,,,,,,,,
30-11-2026,Monday,,Marketing Management II - 16,Entrepreneurship - 6,Macroeconomics - 15,,,
,,,Prof. Chandan Parsad,Prof. Sunil Kumar Yadav,Prof. Gupteswar Patel,,,
01-12-2026,Tuesday,Operations Research - 16,Management Accounting II - 5,Human Resource Management - 4,,,,
,,Prof. Rohit Agrawal,Prof. Archana Patro,Prof. Abhyudaya Anand Mishra,,,,
02-12-2026,Wednesday,Marketing Management II - 17,Macroeconomics - 16,Financial Management I - 12,,,,
,,Prof. Chandan Parsad,Prof. Gupteswar Patel,Prof. Bharati Singh,,,,
03-12-2026,Thursday,Operations Research - 17,Entrepreneurship - 7,Management Accounting II - 6,,Human Resource Management - 5,,
,,Prof. Rohit Agrawal,Prof. Sunil Kumar Yadav,Prof. Archana Patro,,Prof. Abhyudaya Anand Mishra,,
04-12-2026,Friday,TEDx,TEDx,TEDx,TEDx,TEDx,TEDx,TEDx
,,,,,,,,
05-12-2026,Saturday,,,,,,,
,,,,,,,,
06-12-2026,Sunday,,,,,,,
,,,,,,,,
07-12-2026,Monday,Entrepreneurship - 8,Financial Management I - 13,Human Resource Management - 6,Management Accounting II - 7,,,
,,Prof. Sunil Kumar Yadav,Prof. Bharati Singh,Prof. Abhyudaya Anand Mishra,Prof. Archana Patro,,,
08-12-2026,Tuesday,Operations Research - 18,Marketing Management II - 18,Macroeconomics - 17,,,,
,,Prof. Rohit Agrawal,Prof. Chandan Parsad,Prof. Gupteswar Patel,,,,
09-12-2026,Wednesday,Workshops on Interviews and Presentations  - 7,,Human Resource Management - 7,Financial Management I - 14,,,
,,Prof. Anamita Guha,,Prof. Abhyudaya Anand Mishra,Prof. Bharati Singh,,,
10-12-2026,Thursday,Operations Research - 19,Entrepreneurship - 9,Management Accounting II - 8,,,,
,,Prof. Rohit Agrawal,Prof. Sunil Kumar Yadav,Prof. Archana Patro,,,,
11-12-2026,Friday,Human Resource Management - 8,Macroeconomics - 18,,,,,
,,Prof. Abhyudaya Anand Mishra,Prof. Gupteswar Patel,,,,,
12-12-2026,Saturday,,,,,,,
,,,,,,,,
13-12-2026,Sunday,,,,,,,
,,,,,,,,
14-12-2026,Monday,Macroeconomics - 19,Human Resource Management - 9,Marketing Management II - 19,Management Accounting II - 9,,,
,,Prof. Gupteswar Patel,Prof. Abhyudaya Anand Mishra,Prof. Chandan Parsad,Prof. Archana Patro,,,
15-12-2026,Tuesday,Operations Research - 20,Entrepreneurship - 10,,,,,
,,Prof. Rohit Agrawal,Prof. Sunil Kumar Yadav,,,,,
16-12-2026,Wednesday,Financial Management I - 15,Marketing Management II - 20,Macroeconomics - 20,Management Accounting II - 10,Human Resource Management - 10,,
,,Prof. Bharati Singh,Prof. Chandan Parsad,Prof. Gupteswar Patel,Prof. Archana Patro,Prof. Abhyudaya Anand Mishra,,
17-12-2026,Thursday,"ASSESSMENTS (QUIZZES, PRESENTATIONS)","ASSESSMENTS (QUIZZES, PRESENTATIONS)","ASSESSMENTS (QUIZZES, PRESENTATIONS)","ASSESSMENTS (QUIZZES, PRESENTATIONS)","ASSESSMENTS (QUIZZES, PRESENTATIONS)","ASSESSMENTS (QUIZZES, PRESENTATIONS)","ASSESSMENTS (QUIZZES, PRESENTATIONS)"
,,,,,,,,
18-12-2026,Friday,"ASSESSMENTS (QUIZZES, PRESENTATIONS)","ASSESSMENTS (QUIZZES, PRESENTATIONS)","ASSESSMENTS (QUIZZES, PRESENTATIONS)","ASSESSMENTS (QUIZZES, PRESENTATIONS)","ASSESSMENTS (QUIZZES, PRESENTATIONS)","ASSESSMENTS (QUIZZES, PRESENTATIONS)","ASSESSMENTS (QUIZZES, PRESENTATIONS)"
,,,,,,,,
19-12-2026,Saturday,"ASSESSMENTS (QUIZZES, PRESENTATIONS)","ASSESSMENTS (QUIZZES, PRESENTATIONS)","ASSESSMENTS (QUIZZES, PRESENTATIONS)","ASSESSMENTS (QUIZZES, PRESENTATIONS)","ASSESSMENTS (QUIZZES, PRESENTATIONS)","ASSESSMENTS (QUIZZES, PRESENTATIONS)","ASSESSMENTS (QUIZZES, PRESENTATIONS)"
,,,,,,,,
20-12-2026,Sunday,"ASSESSMENTS (QUIZZES, PRESENTATIONS)","ASSESSMENTS (QUIZZES, PRESENTATIONS)","ASSESSMENTS (QUIZZES, PRESENTATIONS)","ASSESSMENTS (QUIZZES, PRESENTATIONS)","ASSESSMENTS (QUIZZES, PRESENTATIONS)","ASSESSMENTS (QUIZZES, PRESENTATIONS)","ASSESSMENTS (QUIZZES, PRESENTATIONS)"
,,,,,,,,
21-12-2026,Monday,END TERM EXAMINATIONS,END TERM EXAMINATIONS,END TERM EXAMINATIONS,END TERM EXAMINATIONS,END TERM EXAMINATIONS,END TERM EXAMINATIONS,END TERM EXAMINATIONS
,,,,,,,,
22-12-2026,Tuesday,END TERM EXAMINATIONS,END TERM EXAMINATIONS,END TERM EXAMINATIONS,END TERM EXAMINATIONS,END TERM EXAMINATIONS,END TERM EXAMINATIONS,END TERM EXAMINATIONS
,,,,,,,,
23-12-2026,Wednesday,END TERM EXAMINATIONS,END TERM EXAMINATIONS,END TERM EXAMINATIONS,END TERM EXAMINATIONS,END TERM EXAMINATIONS,END TERM EXAMINATIONS,END TERM EXAMINATIONS
,,,,,,,,
24-12-2026,Thursday,END TERM EXAMINATIONS,END TERM EXAMINATIONS,END TERM EXAMINATIONS,END TERM EXAMINATIONS,END TERM EXAMINATIONS,END TERM EXAMINATIONS,END TERM EXAMINATIONS
,,,,,,,,
